<?xml version="1.0" encoding="UTF-8"?>
<project-private xmlns="http://www.netbeans.org/ns/project-private/1">
    <editor-bookmarks xmlns="http://www.netbeans.org/ns/editor-bookmarks/2" lastBookmarkId="0"/>
    <open-files xmlns="http://www.netbeans.org/ns/projectui-open-files/2">
        <group>
            <file>file:/C:/wamp64/www/ReserverManager/views/layout/header.php</file>
            <file>file:/C:/wamp64/www/ReserverManager/views/users/login.php</file>
            <file>file:/C:/wamp64/www/ReserverManager/helpers/utils.php</file>
            <file>file:/C:/wamp64/www/ReserverManager/views/reservation/reserve.php</file>
            <file>file:/C:/wamp64/www/ReserverManager/controllers/reservationController.php</file>
            <file>file:/C:/wamp64/www/ReserverManager/views/users/profile.php</file>
            <file>file:/C:/wamp64/www/ReserverManager/controllers/userController.php</file>
        </group>
    </open-files>
</project-private>
